{
  "apps_tools": 1.4353580474853516,
  "dragon_build": 1.4442732334136963,
  "ARSDK3": 1.8691062927246094,
  "ARSDKBuildUtils": 1.7085187435150146,
  "arsdk-xml": 1.6928441524505615,
  "Alchemy": 5.823610067367554,
  "Samples": 4.182510852813721,
  "libARController": 3.0949668884277344,
  "libARCommands": 4.304506063461304,
  "ARSDKTools": 8.005159854888916,
  "libARMavlink": 1.5450479984283447,
  "libARDiscovery": 1.940438985824585,
  "libARNetworkAL": 1.4770338535308838,
  "libARNetwork": 2.3140621185302734,
  "libARSAL": 1.7780389785766602,
  "libARStream2": 3.010605812072754,
  "libARStream": 4.931296110153198,
  "libARMedia": 11.98264193534851,
  "libARUtils": 3.8158657550811768,
  "libfutils": 1.4291448593139648,
  "libmux": 1.3171718120574951,
  "libpuf": 1.3504137992858887,
  "libpomp": 1.9203550815582275,
  "librtsp": 1.3642909526824951,
  "libARUpdater": 8.681279182434082,
  "libsdp": 1.3713328838348389,
  "ulog": 1.5927979946136475,
  "libtar": 2.077012062072754,
  "arsdk_products": 1.4193899631500244,
  "libARDataTransfer": 26.281296730041504,
  "mavlink.git": 6.666936635971069
}